<?xml version="1.0" encoding="utf-8"?><feed xmlns="http://www.w3.org/2005/Atom" xml:lang="en"><generator uri="https://jekyllrb.com/" version="3.9.5">Jekyll</generator><link href="http://localhost:4000/feed.xml" rel="self" type="application/atom+xml" /><link href="http://localhost:4000/" rel="alternate" type="text/html" hreflang="en" /><updated>2024-03-27T13:12:31+01:00</updated><id>http://localhost:4000/feed.xml</id><title type="html">The 34th Meeting of Computational Linguistics in The Netherlands</title><author><name>{&quot;email&quot;=&gt;&quot;clin34@leidenuniv.nl&quot;}</name><email>clin34@leidenuniv.nl</email></author><entry><title type="html">Announcing Diana Maynard as a keynote speaker</title><link href="http://localhost:4000/2024/03/20/announcing-diana-maynard/" rel="alternate" type="text/html" title="Announcing Diana Maynard as a keynote speaker" /><published>2024-03-20T18:00:00+01:00</published><updated>2024-03-20T18:00:00+01:00</updated><id>http://localhost:4000/2024/03/20/announcing-diana-maynard</id><content type="html" xml:base="http://localhost:4000/2024/03/20/announcing-diana-maynard/"><![CDATA[<p>We are happy to announce <a href="https://staffwww.dcs.shef.ac.uk/people/D.Maynard/">Diana Maynard</a> as a keynote speaker for CLIN 34!</p>]]></content><author><name>{&quot;email&quot;=&gt;&quot;clin34@leidenuniv.nl&quot;}</name><email>clin34@leidenuniv.nl</email></author><category term="keynotes" /><summary type="html"><![CDATA[We are happy to announce Diana Maynard as a keynote speaker for CLIN 34!]]></summary></entry><entry><title type="html">Call for abstracts</title><link href="http://localhost:4000/2024/03/15/call-for-abstracts/" rel="alternate" type="text/html" title="Call for abstracts" /><published>2024-03-15T18:00:00+01:00</published><updated>2024-03-15T18:00:00+01:00</updated><id>http://localhost:4000/2024/03/15/call-for-abstracts</id><content type="html" xml:base="http://localhost:4000/2024/03/15/call-for-abstracts/"><![CDATA[<div>
Abstracts describing work on any aspect of computational linguistics / natural language processing (finished or in progress), are welcome for submission at CLIN34. Submissions must be written in English and must be submitted through <a href="https://docs.google.com/forms/d/1G2Ee1LUfQdmh2xQz8T46YcR1BXUMuB4q4iuAKq9sp8Q">this web form</a>. Please provide all information requested in the form.
<br /><br />
The submission deadline is May 15th 2023 and notifications of acceptance will be sent out on June 15th 2023. Authors of accepted abstracts will have the opportunity to submit a full paper after the conference to CLIN Journal.
</div>]]></content><author><name>{&quot;email&quot;=&gt;&quot;clin34@leidenuniv.nl&quot;}</name><email>clin34@leidenuniv.nl</email></author><category term="abstracts" /><summary type="html"><![CDATA[Abstract submission for CLIN34 is now open! Click here for more information.]]></summary></entry></feed>